"DATE_OF_BIRTH","FIRST_NAME","LAST_NAME","MEMBER_NUMBER","PAYROLL_NUMBER"
"22/06/1977","Hayden","Kunde","MN38589792650607853381","PN54081041268605638225"
"23/06/1996","Ashton","Braun","MN33215144021251625020","PN50237028459642514842"
"29/03/1964","Skye","Ernser","MN83456246858735612445","PN92755429473206470885"
"24/09/1996","Hayden","Lee","MN55499574503446373158","PN96323956287438648620"
"24/08/1975","Edward","Wright","MN65889657828315003050","PN47618705751360477854"
"11/10/1964","Charlie","Marvin","MN56640000711656733485","PN45043889065421363332"
"28/05/1974","Mikayla","Garden","MN33506092074376202420","PN25561072796145065775"
"26/04/1967","Jackson","Roberts","MN45554028646828133113","PN83676695024617668395"
"19/04/2000","Jordan","Mckenzie","MN37106266345582129330","PN08723632238355165313"
"24/09/1969","Jade","Grady","MN80219649286001515572","PN04887409336156023552"
